asdf_id,access_50k.none.mean,access_50k.none.max,access_50k.none.min,Level,gqid,id,shapeGroup,shapeID,shapeName,shapeType
0,13.1553480831,74.0,2.0,ADM3,0,0,ETH,ETH-ADM3-50319843B73149203,Nefas Silk,ADM3
1,52.4801867928,285.0,6.0,ADM3,1,1,ETH,ETH-ADM3-50319843B66346631,Bole,ADM3
2,7.01789232278,9.0,5.0,ADM3,2,2,ETH,ETH-ADM3-50319843B66735816,Lideta,ADM3
3,10.2037846331,13.0,7.0,ADM3,3,3,ETH,ETH-ADM3-50319843B41892451,Kirkos,ADM3
4,20.055178237,89.0,8.0,ADM3,4,4,ETH,ETH-ADM3-50319843B77476617,Yeka,ADM3
5,4.61685541472,7.0,2.0,ADM3,5,5,ETH,ETH-ADM3-50319843B16837481,Addis Ketema,ADM3
6,7.34460967242,10.0,5.0,ADM3,6,6,ETH,ETH-ADM3-50319843B90407772,Arada,ADM3
7,9.20610828235,18.0,3.0,ADM3,7,7,ETH,ETH-ADM3-50319843B4369137,Gulele,ADM3
8,170.233279736,445.0,51.0,ADM3,8,8,ETH,ETH-ADM3-50319843B56297539,Adwa,ADM3
9,242.997115732,655.0,28.0,ADM3,9,9,ETH,ETH-ADM3-50319843B39392714,Ahferom,ADM3
10,229.793898644,759.0,63.0,ADM3,10,10,ETH,ETH-ADM3-50319843B79979158,Alaje,ADM3
11,222.589440048,537.0,125.0,ADM3,11,11,ETH,ETH-ADM3-50319843B56628051,Alamata,ADM3
12,333.5819616,729.0,147.0,ADM3,12,12,ETH,ETH-ADM3-50319843B89289947,Asgede Tsimbila,ADM3
13,222.441856734,724.0,36.0,ADM3,13,13,ETH,ETH-ADM3-50319843B56696877,Atsbi Wenberta,ADM3
14,157.874283721,427.0,14.0,ADM3,14,14,ETH,ETH-ADM3-50319843B26980147,Degua Temben,ADM3
15,123.20149492,388.0,0.0,ADM3,15,15,ETH,ETH-ADM3-50319843B91323981,Enderta,ADM3
16,487.548100691,898.0,71.0,ADM3,16,16,ETH,ETH-ADM3-50319843B66424639,Erob,ADM3
17,115.761562176,466.0,0.0,ADM3,17,17,ETH,ETH-ADM3-50319843B35785785,Ganta Afeshum,ADM3
18,166.155605548,790.0,5.0,ADM3,18,18,ETH,ETH-ADM3-50319843B6887943,Gulomekeda,ADM3
19,137.358826644,425.0,19.0,ADM3,19,19,ETH,ETH-ADM3-50319843B33614474,Hawzen,ADM3
20,261.735009841,772.0,14.0,ADM3,20,20,ETH,ETH-ADM3-50319843B91160987,Hintalo Wejirat,ADM3
21,753.969965647,1428.0,251.0,ADM3,21,21,ETH,ETH-ADM3-50319843B53771422,Kafta Humera,ADM3
22,157.995560826,454.0,20.0,ADM3,22,22,ETH,ETH-ADM3-50319843B50251646,Kelete Awelallo,ADM3
23,173.324649742,425.0,64.0,ADM3,23,23,ETH,ETH-ADM3-50319843B7889365,Kola Temben,ADM3
24,302.812574185,627.0,129.0,ADM3,24,24,ETH,ETH-ADM3-50319843B52367372,Laelay Adiyabo,ADM3
25,204.054590434,498.0,77.0,ADM3,25,25,ETH,ETH-ADM3-50319843B94322254,Laelay Maychew,ADM3
26,254.318416623,709.0,107.0,ADM3,26,26,ETH,ETH-ADM3-50319843B66858902,Medebay Zana,ADM3
27,212.721309423,615.0,56.0,ADM3,27,27,ETH,ETH-ADM3-50319843B95539821,Mereb Leke,ADM3
28,268.840483049,540.0,102.0,ADM3,28,28,ETH,ETH-ADM3-50319843B65376644,Naeder Adet,ADM3
29,247.578848103,665.0,104.0,ADM3,29,29,ETH,ETH-ADM3-50319843B18619992,Ofla,ADM3
30,189.24870962,787.0,11.0,ADM3,30,30,ETH,ETH-ADM3-50319843B47538519,Saesie Tsaedaemba,ADM3
31,357.510483843,856.0,28.0,ADM3,31,31,ETH,ETH-ADM3-50319843B73717171,Saharti Samre,ADM3
32,386.378506029,1071.0,100.0,ADM3,32,32,ETH,ETH-ADM3-50319843B27246645,Tahtay Adiyabo,ADM3
33,317.597552838,774.0,122.0,ADM3,33,33,ETH,ETH-ADM3-50319843B81840211,Tahtay Koraro,ADM3
34,198.931210958,510.0,96.0,ADM3,34,34,ETH,ETH-ADM3-50319843B69604460,Tahtay Maychew,ADM3
35,179.676025393,475.0,55.0,ADM3,35,35,ETH,ETH-ADM3-50319843B4534364,Tanqua Abergele,ADM3
36,1002.55841306,1978.0,126.0,ADM3,36,36,ETH,ETH-ADM3-50319843B69134358,Tsegede,ADM3
37,431.147881593,1064.0,119.0,ADM3,37,37,ETH,ETH-ADM3-50319843B49873819,Tselemti,ADM3
38,699.874488342,1489.0,236.0,ADM3,38,38,ETH,ETH-ADM3-50319843B6443053,Welkait,ADM3
39,212.98505511,535.0,32.0,ADM3,39,39,ETH,ETH-ADM3-50319843B40271646,Werei Leke,ADM3
40,219.276114024,661.0,84.0,ADM3,40,40,ETH,ETH-ADM3-50319843B95116444,Endamehoni,ADM3
41,226.651877502,508.0,85.0,ADM3,41,41,ETH,ETH-ADM3-50319843B24255360,Raya Azebo,ADM3
42,342.527076731,887.0,94.0,ADM3,42,42,ETH,ETH-ADM3-50319843B35900220,Ayisha,ADM3
43,355.334443896,995.0,14.0,ADM3,43,43,ETH,ETH-ADM3-50319843B75018793,Erer,ADM3
44,361.906704928,1036.0,44.0,ADM3,44,44,ETH,ETH-ADM3-50319843B4084377,Afdem,ADM3
45,215.712512826,736.0,8.0,ADM3,45,45,ETH,ETH-ADM3-50319843B25609232,Shinile,ADM3
46,23.3819151313,145.0,3.0,ADM3,46,46,ETH,ETH-ADM3-50319843B79935816,Dire Dawa/Town,ADM3
47,271.819887135,811.0,40.0,ADM3,47,47,ETH,ETH-ADM3-50319843B27047798,Aw-bare,ADM3
48,281.822808096,943.0,37.0,ADM3,48,48,ETH,ETH-ADM3-50319843B95769147,Dembel,ADM3
49,558.1100546,1325.0,74.0,ADM3,49,49,ETH,ETH-ADM3-50319843B67306174,Miesso,ADM3
50,161.960326999,671.0,0.0,ADM3,50,50,ETH,ETH-ADM3-50319843B17610384,Jijiga,ADM3
51,276.199397979,646.0,0.0,ADM3,51,51,ETH,ETH-ADM3-50319843B7038884,Dire Dawa,ADM3
52,238.891225473,627.0,29.0,ADM3,52,52,ETH,ETH-ADM3-50319843B93771849,Kebribeyah,ADM3
53,201.589444332,430.0,72.0,ADM3,53,53,ETH,ETH-ADM3-50319843B38586587,Hareshen,ADM3
54,66.1681311806,328.0,0.0,ADM3,54,54,ETH,ETH-ADM3-50319843B91470449,Harar,ADM3
55,127.978129283,441.0,19.0,ADM3,55,55,ETH,ETH-ADM3-50319843B20319618,Gursum,ADM3
56,531.267842537,1110.0,289.0,ADM3,56,56,ETH,ETH-ADM3-50319843B93399224,Dihun,ADM3
57,753.593952086,1224.0,507.0,ADM3,57,57,ETH,ETH-ADM3-50319843B57217945,Geladin,ADM3
58,252.362858516,499.0,21.0,ADM3,58,58,ETH,ETH-ADM3-50319843B8790585,Babile,ADM3
59,412.788561984,1079.0,78.0,ADM3,59,59,ETH,ETH-ADM3-50319843B21825919,Degehabur,ADM3
60,424.555733143,755.0,55.0,ADM3,60,60,ETH,ETH-ADM3-50319843B36532886,Gashamo,ADM3
61,429.149305731,794.0,129.0,ADM3,61,61,ETH,ETH-ADM3-50319843B34040872,Degehamedo,ADM3
62,716.092818754,1703.0,322.0,ADM3,62,62,ETH,ETH-ADM3-50319843B27910727,Danot,ADM3
63,528.102297736,1102.0,115.0,ADM3,63,63,ETH,ETH-ADM3-50319843B23934955,Fik,ADM3
64,999.705909496,1603.0,505.0,ADM3,64,64,ETH,ETH-ADM3-50319843B97561399,Boh,ADM3
65,801.2072498,1182.0,452.0,ADM3,65,65,ETH,ETH-ADM3-50319843B21978279,Hamero,ADM3
66,467.814382712,806.0,243.0,ADM3,66,66,ETH,ETH-ADM3-50319843B64473838,Segeg,ADM3
67,350.739516307,636.0,218.0,ADM3,67,67,ETH,ETH-ADM3-50319843B71422186,Gerbo,ADM3
68,586.018800719,1611.0,223.0,ADM3,68,68,ETH,ETH-ADM3-50319843B85114361,Shekosh,ADM3
69,773.945675136,1703.0,306.0,ADM3,69,69,ETH,ETH-ADM3-50319843B2108963,Warder,ADM3
70,770.654260356,1899.0,272.0,ADM3,70,70,ETH,ETH-ADM3-50319843B46994934,Kebridehar,ADM3
71,678.65974269,1184.0,388.0,ADM3,71,71,ETH,ETH-ADM3-50319843B76366092,Shilabo,ADM3
72,782.974019893,1497.0,337.0,ADM3,72,72,ETH,ETH-ADM3-50319843B3112810,Goro Baqaqsa,ADM3
73,765.34663658,1556.0,419.0,ADM3,73,73,ETH,ETH-ADM3-50319843B91444395,Serer/Elkere,ADM3
74,860.468290201,1686.0,373.0,ADM3,74,74,ETH,ETH-ADM3-50319843B13144835,Debeweyin,ADM3
75,860.15882417,1646.0,433.0,ADM3,75,75,ETH,ETH-ADM3-50319843B19585855,Gode,ADM3
76,699.311085062,1340.0,430.0,ADM3,76,76,ETH,ETH-ADM3-50319843B43221614,Kelafo,ADM3
77,637.301739436,1009.0,336.0,ADM3,77,77,ETH,ETH-ADM3-50319843B24496675,Mustahil,ADM3
78,793.925207945,1643.0,349.0,ADM3,78,78,ETH,ETH-ADM3-50319843B12840295,Bare,ADM3
79,684.886562743,1394.0,401.0,ADM3,79,79,ETH,ETH-ADM3-50319843B12158294,Chereti/Weyib,ADM3
80,685.991116387,1051.0,340.0,ADM3,80,80,ETH,ETH-ADM3-50319843B3684271,Ferfer,ADM3
81,922.458570595,1675.0,518.0,ADM3,81,81,ETH,ETH-ADM3-50319843B82610021,Afder,ADM3
82,761.865443057,1227.0,390.0,ADM3,82,82,ETH,ETH-ADM3-50319843B6264277,Dolobay,ADM3
83,662.308261137,1482.0,362.0,ADM3,83,83,ETH,ETH-ADM3-50319843B10235770,Moyale,ADM3
84,773.272424743,1345.0,404.0,ADM3,84,84,ETH,ETH-ADM3-50319843B2667105,Dolo Odo,ADM3
85,558.939681721,888.0,288.0,ADM3,85,85,ETH,ETH-ADM3-50319843B35269151,Lagahida,ADM3
86,372.738184901,713.0,104.0,ADM3,86,86,ETH,ETH-ADM3-50319843B89338537,Meyumuluka,ADM3
87,686.728154327,969.0,452.0,ADM3,87,87,ETH,ETH-ADM3-50319843B57572151,Selahad,ADM3
88,504.835621138,1026.0,296.0,ADM3,88,88,ETH,ETH-ADM3-50319843B83804447,Guradamole,ADM3
89,794.355655183,1551.0,419.0,ADM3,89,89,ETH,ETH-ADM3-50319843B31439756,West Imi,ADM3
90,746.923488,1279.0,458.0,ADM3,90,90,ETH,ETH-ADM3-50319843B87620761,Adadle,ADM3
91,574.963330186,1087.0,292.0,ADM3,91,91,ETH,ETH-ADM3-50319843B65198208,Hudet,ADM3
92,755.949408254,1734.0,349.0,ADM3,92,92,ETH,ETH-ADM3-50319843B40128180,Filtu,ADM3
93,660.188311864,1474.0,318.0,ADM3,93,93,ETH,ETH-ADM3-50319843B63957868,East Imi,ADM3
94,715.490743703,1451.0,295.0,ADM3,94,94,ETH,ETH-ADM3-50319843B63130967,Denan,ADM3
95,533.14965317,913.0,233.0,ADM3,95,95,ETH,ETH-ADM3-50319843B49149688,Gunagado,ADM3
96,351.303786793,791.0,113.0,ADM3,96,96,ETH,ETH-ADM3-50319843B34659573,Aware,ADM3
97,809.608078291,1163.0,329.0,ADM3,97,97,ETH,ETH-ADM3-50319843B95723904,Wantawo,ADM3
98,730.608240215,1100.0,230.0,ADM3,98,98,ETH,ETH-ADM3-50319843B20538871,Akobo,ADM3
99,827.389978769,1207.0,405.0,ADM3,99,99,ETH,ETH-ADM3-50319843B52469467,Jikawo,ADM3
100,709.64637876,1303.0,390.0,ADM3,100,100,ETH,ETH-ADM3-50319843B80478908,Lare,ADM3
101,822.671627253,1134.0,460.0,ADM3,101,101,ETH,ETH-ADM3-50319843B71692133,Gambella Wild Life Reserve,ADM3
102,925.591376378,1758.0,344.0,ADM3,102,102,ETH,ETH-ADM3-50319843B88658538,Itang,ADM3
103,943.65425798,3298.0,273.0,ADM3,103,103,ETH,ETH-ADM3-50319843B15288353,Gambela Zuria,ADM3
104,705.361809164,1201.0,324.0,ADM3,104,104,ETH,ETH-ADM3-50319843B77801108,Jore,ADM3
105,1392.97502605,3819.0,612.0,ADM3,105,105,ETH,ETH-ADM3-50319843B18037010,Abobo,ADM3
106,847.07470446,2048.0,406.0,ADM3,106,106,ETH,ETH-ADM3-50319843B53874472,Gog,ADM3
107,1672.13347111,3819.0,353.0,ADM3,107,107,ETH,ETH-ADM3-50319843B31478010,Mengesh,ADM3
108,557.59935862,1319.0,199.0,ADM3,108,108,ETH,ETH-ADM3-50319843B38667752,Godere,ADM3
109,1362.03748065,3068.0,337.0,ADM3,109,109,ETH,ETH-ADM3-50319843B10933001,Dima,ADM3
110,685.028550747,2020.0,91.0,ADM3,110,110,ETH,ETH-ADM3-50319843B73104167,Guba,ADM3
111,1583.89062049,1994.0,1092.0,ADM3,111,111,ETH,ETH-ADM3-50319843B20757427,Pawe Special,ADM3
112,1455.6562817,2876.0,409.0,ADM3,112,112,ETH,ETH-ADM3-50319843B61547062,Dangura,ADM3
113,1154.93813186,1842.0,457.0,ADM3,113,113,ETH,ETH-ADM3-50319843B10471549,Mandura,ADM3
114,891.274709896,1797.0,459.0,ADM3,114,114,ETH,ETH-ADM3-50319843B754915,Dibat,ADM3
115,969.78182514,1796.0,420.0,ADM3,115,115,ETH,ETH-ADM3-50319843B96744984,Bulen,ADM3
116,752.768026806,1489.0,286.0,ADM3,116,116,ETH,ETH-ADM3-50319843B67243070,Yaso,ADM3
117,632.370777106,1368.0,309.0,ADM3,117,117,ETH,ETH-ADM3-50319843B25234031,Wenbera,ADM3
118,569.361506029,1468.0,56.0,ADM3,118,118,ETH,ETH-ADM3-50319843B71562004,Bio Jiganifado,ADM3
119,612.5653028,1392.0,95.0,ADM3,119,119,ETH,ETH-ADM3-50319843B42057437,Kamashi,ADM3
120,959.693917498,1511.0,385.0,ADM3,120,120,ETH,ETH-ADM3-50319843B44858060,Agalometi,ADM3
121,115.66416192,196.0,86.0,ADM3,121,121,ETH,ETH-ADM3-50319843B2659693,Bio Jiganifado,ADM3
122,608.97044358,1392.0,161.0,ADM3,122,122,ETH,ETH-ADM3-50319843B38778178,Sirba Abay,ADM3
123,603.187563776,1311.0,232.0,ADM3,123,123,ETH,ETH-ADM3-50319843B89810070,Bilidigilu,ADM3
124,468.451203863,852.0,106.0,ADM3,124,124,ETH,ETH-ADM3-50319843B44471006,Sherkole,ADM3
125,459.304803171,818.0,259.0,ADM3,125,125,ETH,ETH-ADM3-50319843B55804333,Menge,ADM3
126,542.768289832,1181.0,306.0,ADM3,126,126,ETH,ETH-ADM3-50319843B61683049,Homosha,ADM3
127,601.923154956,1233.0,116.0,ADM3,127,127,ETH,ETH-ADM3-50319843B49517490,Kurmuk,ADM3
128,697.576661605,1284.0,264.0,ADM3,128,128,ETH,ETH-ADM3-50319843B37459256,Assosa,ADM3
129,1008.23035219,2086.0,292.0,ADM3,129,129,ETH,ETH-ADM3-50319843B23861221,Maokomo Special,ADM3
130,527.95127593,1147.0,251.0,ADM3,130,130,ETH,ETH-ADM3-50319843B65378847,Bambasi,ADM3
131,707.62474573,1842.0,49.0,ADM3,131,131,ETH,ETH-ADM3-50319843B63492066,Debub Achefer,ADM3
132,699.432112012,1285.0,91.0,ADM3,132,132,ETH,ETH-ADM3-50319843B34319365,Albuko,ADM3
133,950.717941087,1673.0,108.0,ADM3,133,133,ETH,ETH-ADM3-50319843B67190274,Alfa,ADM3
134,520.850537015,1261.0,61.0,ADM3,134,134,ETH,ETH-ADM3-50319843B3364378,Ambasel,ADM3
135,291.398472559,774.0,7.0,ADM3,135,135,ETH,ETH-ADM3-50319843B64379927,Aneded,ADM3
136,401.600296779,1133.0,12.0,ADM3,136,136,ETH,ETH-ADM3-50319843B12809181,Angolelana Tera,ADM3
137,341.377484304,876.0,110.0,ADM3,137,137,ETH,ETH-ADM3-50319843B84903422,Ankasha,ADM3
138,650.847529489,1333.0,26.0,ADM3,138,138,ETH,ETH-ADM3-50319843B80979194,Ankober,ADM3
139,588.924124389,1295.0,129.0,ADM3,139,139,ETH,ETH-ADM3-50319843B35982567,Antsokiya,ADM3
140,899.693218767,1447.0,389.0,ADM3,140,140,ETH,ETH-ADM3-50319843B45340795,Argoba,ADM3
141,1233.59114616,1550.0,727.0,ADM3,141,141,ETH,ETH-ADM3-50319843B87782118,Assagirt,ADM3
142,363.517010419,1053.0,23.0,ADM3,142,142,ETH,ETH-ADM3-50319843B61415989,Awabel,ADM3
143,163.125250639,933.0,2.0,ADM3,143,143,ETH,ETH-ADM3-50319843B73526936,Bahirdar Zuria,ADM3
144,217.620356901,618.0,101.0,ADM3,144,144,ETH,ETH-ADM3-50319843B37264310,Banja,ADM3
145,311.253131672,781.0,13.0,ADM3,145,145,ETH,ETH-ADM3-50319843B17578553,Baso Liben,ADM3
146,509.338186148,1501.0,59.0,ADM3,146,146,ETH,ETH-ADM3-50319843B17056595,Bati,ADM3
147,630.839443088,1240.0,214.0,ADM3,147,147,ETH,ETH-ADM3-50319843B24355322,Berehet,ADM3
148,1142.46231884,2075.0,191.0,ADM3,148,148,ETH,ETH-ADM3-50319843B17577536,Beyeda,ADM3
149,347.694172127,774.0,37.0,ADM3,149,149,ETH,ETH-ADM3-50319843B46664594,Bibugn,ADM3
150,526.651578508,1070.0,169.0,ADM3,150,150,ETH,ETH-ADM3-50319843B76316907,Bugna,ADM3
151,239.89129062,517.0,82.0,ADM3,151,151,ETH,ETH-ADM3-50319843B33939457,Bure,ADM3
152,300.579445312,961.0,54.0,ADM3,152,152,ETH,ETH-ADM3-50319843B9162301,Dewa Cheffa,ADM3
153,436.610318504,1209.0,57.0,ADM3,153,153,ETH,ETH-ADM3-50319843B24452483,Chilga,ADM3
154,328.655877734,1350.0,56.0,ADM3,154,154,ETH,ETH-ADM3-50319843B78449711,Dabat,ADM3
155,422.994773334,1072.0,63.0,ADM3,155,155,ETH,ETH-ADM3-50319843B7133556,Dangila,ADM3
156,503.752477243,1118.0,157.0,ADM3,156,156,ETH,ETH-ADM3-50319843B41515616,Dawunt,ADM3
157,704.158242428,1630.0,86.0,ADM3,157,157,ETH,ETH-ADM3-50319843B80708829,Debark,ADM3
158,510.956663488,1013.0,32.0,ADM3,158,158,ETH,ETH-ADM3-50319843B40663543,Debay Telatgen,ADM3
159,353.810494016,838.0,26.0,ADM3,159,159,ETH,ETH-ADM3-50319843B64048030,Debre Elias,ADM3
160,633.868404402,1185.0,168.0,ADM3,160,160,ETH,ETH-ADM3-50319843B47057898,Debresina,ADM3
161,469.324365174,1151.0,47.0,ADM3,161,161,ETH,ETH-ADM3-50319843B86444673,Dega Damot,ADM3
162,357.944414645,820.0,140.0,ADM3,162,162,ETH,ETH-ADM3-50319843B28841602,Dehana,ADM3
163,217.303640655,646.0,44.0,ADM3,163,163,ETH,ETH-ADM3-50319843B61087912,Dejen,ADM3
164,543.363112353,1501.0,87.0,ADM3,164,164,ETH,ETH-ADM3-50319843B59727443,Delanta,ADM3
165,245.715061537,662.0,34.0,ADM3,165,165,ETH,ETH-ADM3-50319843B42762909,Dembecha,ADM3
166,135.845512309,513.0,39.0,ADM3,166,166,ETH,ETH-ADM3-50319843B77755582,Dembia,ADM3
167,252.568363149,918.0,19.0,ADM3,167,167,ETH,ETH-ADM3-50319843B47742137,Dera,ADM3
168,260.457362499,1126.0,0.0,ADM3,168,168,ETH,ETH-ADM3-50319843B25587335,Dessie Zuria,ADM3
169,424.695512055,1072.0,68.0,ADM3,169,169,ETH,ETH-ADM3-50319843B40348176,East Esite,ADM3
170,826.184231295,1500.0,250.0,ADM3,170,170,ETH,ETH-ADM3-50319843B66145460,East Belesa,ADM3
171,477.089792974,1213.0,91.0,ADM3,171,171,ETH,ETH-ADM3-50319843B54780748,Ebenat,ADM3
172,462.626264432,1001.0,69.0,ADM3,172,172,ETH,ETH-ADM3-50319843B71840622,Eferatana Gidem,ADM3
173,471.706943376,989.0,51.0,ADM3,173,173,ETH,ETH-ADM3-50319843B31203716,Enarj Enawga,ADM3
174,365.246025428,1010.0,126.0,ADM3,174,174,ETH,ETH-ADM3-50319843B96673454,Enbise Sar Midir,ADM3
175,223.406879641,806.0,55.0,ADM3,175,175,ETH,ETH-ADM3-50319843B58129957,Enemay,ADM3
176,321.191696305,650.0,82.0,ADM3,176,176,ETH,ETH-ADM3-50319843B96235103,Fagta Lakoma,ADM3
177,365.119335913,935.0,89.0,ADM3,177,177,ETH,ETH-ADM3-50319843B13140839,Farta,ADM3
178,267.211492214,716.0,39.0,ADM3,178,178,ETH,ETH-ADM3-50319843B19346111,Fogera,ADM3
179,327.844436853,801.0,131.0,ADM3,179,179,ETH,ETH-ADM3-50319843B55006525,Gaz Gibla,ADM3
180,945.453071833,1761.0,162.0,ADM3,180,180,ETH,ETH-ADM3-50319843B56826906,Menz Gera Midir,ADM3
181,394.346111801,961.0,164.0,ADM3,181,181,ETH,ETH-ADM3-50319843B48748491,Gidan,ADM3
182,1105.72425026,1736.0,297.0,ADM3,182,182,ETH,ETH-ADM3-50319843B47370703,Gishe Rabel,ADM3
183,455.239582136,1019.0,99.0,ADM3,183,183,ETH,ETH-ADM3-50319843B52648144,Goncha Siso Enese,ADM3
184,140.91368413,384.0,0.0,ADM3,184,184,ETH,ETH-ADM3-50319843B24083948,Gonder Zuria,ADM3
185,1070.69964408,1585.0,438.0,ADM3,185,185,ETH,ETH-ADM3-50319843B80857237,Gonje,ADM3
186,247.313920054,516.0,93.0,ADM3,186,186,ETH,ETH-ADM3-50319843B38608661,Guagusa Shikudad,ADM3
187,631.883785831,1292.0,133.0,ADM3,187,187,ETH,ETH-ADM3-50319843B66240433,Guangua,ADM3
188,638.590842905,1491.0,106.0,ADM3,188,188,ETH,ETH-ADM3-50319843B25254295,Guba Lafto,ADM3
189,306.664214807,879.0,0.0,ADM3,189,189,ETH,ETH-ADM3-50319843B74070090,Guzamn,ADM3
190,325.749136052,802.0,75.0,ADM3,190,190,ETH,ETH-ADM3-50319843B24765732,Habru,ADM3
191,596.598337023,1438.0,50.0,ADM3,191,191,ETH,ETH-ADM3-50319843B15302121,Hagere Mariam,ADM3
192,319.436818337,871.0,40.0,ADM3,192,192,ETH,ETH-ADM3-50319843B7484367,Hulet Ej Enese,ADM3
193,384.602333943,1093.0,49.0,ADM3,193,193,ETH,ETH-ADM3-50319843B30927886,Jabi Tehnan,ADM3
194,313.198514168,836.0,97.0,ADM3,194,194,ETH,ETH-ADM3-50319843B38560379,Jama,ADM3
195,1280.52500176,1938.0,207.0,ADM3,195,195,ETH,ETH-ADM3-50319843B39263776,Janamora,ADM3
196,1381.6616785,2626.0,463.0,ADM3,196,196,ETH,ETH-ADM3-50319843B53520998,Jawi,ADM3
197,410.860845834,1074.0,71.0,ADM3,197,197,ETH,ETH-ADM3-50319843B74307921,Jille Timuga,ADM3
198,301.886633047,854.0,28.0,ADM3,198,198,ETH,ETH-ADM3-50319843B85980479,Kalu,ADM3
199,449.6343074,996.0,102.0,ADM3,199,199,ETH,ETH-ADM3-50319843B59415361,Kelela,ADM3
200,399.856747284,1090.0,47.0,ADM3,200,200,ETH,ETH-ADM3-50319843B6678273,Kewet,ADM3
201,780.144465526,1229.0,158.0,ADM3,201,201,ETH,ETH-ADM3-50319843B98472106,Menz Keya Gabriel,ADM3
202,260.249946582,849.0,33.0,ADM3,202,202,ETH,ETH-ADM3-50319843B31153566,Kutaber,ADM3
203,338.89488519,961.0,162.0,ADM3,203,203,ETH,ETH-ADM3-50319843B9021281,Lasta,ADM3
204,280.632564773,661.0,24.0,ADM3,204,204,ETH,ETH-ADM3-50319843B48161314,Lay Armacho,ADM3
205,588.825346795,1357.0,128.0,ADM3,205,205,ETH,ETH-ADM3-50319843B14844927,Lay Gayint,ADM3
206,337.156170292,1322.0,60.0,ADM3,206,206,ETH,ETH-ADM3-50319843B88960558,Legambo,ADM3
207,424.585897057,733.0,138.0,ADM3,207,207,ETH,ETH-ADM3-50319843B64662495,Legehida,ADM3
208,205.399202258,780.0,57.0,ADM3,208,208,ETH,ETH-ADM3-50319843B61126134,Libo Kemkem,ADM3
209,379.131208314,1206.0,24.0,ADM3,209,209,ETH,ETH-ADM3-50319843B221587,Mecha,ADM3
210,631.131571408,1380.0,158.0,ADM3,210,210,ETH,ETH-ADM3-50319843B3094716,Mehal Sayint,ADM3
211,1010.88442658,2115.0,173.0,ADM3,211,211,ETH,ETH-ADM3-50319843B38998645,Mekdela,ADM3
212,504.760661805,1217.0,152.0,ADM3,212,212,ETH,ETH-ADM3-50319843B61278912,Meket,ADM3
213,293.998394466,894.0,77.0,ADM3,213,213,ETH,ETH-ADM3-50319843B79094598,Menz Lalo Midir,ADM3
214,417.075345614,1011.0,58.0,ADM3,214,214,ETH,ETH-ADM3-50319843B53561801,Menz Mama Midir,ADM3
215,465.41703928,957.0,82.0,ADM3,215,215,ETH,ETH-ADM3-50319843B91256577,Merahbete,ADM3
216,709.152133702,1714.0,112.0,ADM3,216,216,ETH,ETH-ADM3-50319843B91312658,Metema,ADM3
217,259.570337463,675.0,17.0,ADM3,217,217,ETH,ETH-ADM3-50319843B85062491,Michakel,ADM3
218,332.29508062,614.0,129.0,ADM3,218,218,ETH,ETH-ADM3-50319843B88506136,Mimo Weremo,ADM3
219,326.716871464,656.0,77.0,ADM3,219,219,ETH,ETH-ADM3-50319843B9926398,Minjar Shenkora,ADM3
220,1247.66487991,2024.0,298.0,ADM3,220,220,ETH,ETH-ADM3-50319843B41165078,Mirab Armacho,ADM3
221,625.249247517,1232.0,33.0,ADM3,221,221,ETH,ETH-ADM3-50319843B71614360,Mojan Wedera,ADM3
222,379.733222783,1011.0,47.0,ADM3,222,222,ETH,ETH-ADM3-50319843B26132876,Moretna Jiru,ADM3
223,1076.40003341,2143.0,185.0,ADM3,223,223,ETH,ETH-ADM3-50319843B74868073,Quara,ADM3
224,1107.73834743,1796.0,408.0,ADM3,224,224,ETH,ETH-ADM3-50319843B1504977,Quarit,ADM3
225,693.195024185,1529.0,225.0,ADM3,225,225,ETH,ETH-ADM3-50319843B25108864,Sahla,ADM3
226,1203.91028959,2080.0,192.0,ADM3,226,226,ETH,ETH-ADM3-50319843B88227847,Sayint,ADM3
227,443.149388943,1247.0,120.0,ADM3,227,227,ETH,ETH-ADM3-50319843B74509356,Sekela,ADM3
228,361.284068355,1488.0,30.0,ADM3,228,228,ETH,ETH-ADM3-50319843B18521240,Semen Achefer,ADM3
229,332.66345175,955.0,8.0,ADM3,229,229,ETH,ETH-ADM3-50319843B64900620,Senan,ADM3
230,307.580328777,672.0,66.0,ADM3,230,230,ETH,ETH-ADM3-50319843B4898824,Shebel Bereta,ADM3
231,552.646973362,1228.0,111.0,ADM3,231,231,ETH,ETH-ADM3-50319843B13891285,Simada,ADM3
232,293.088632855,822.0,34.0,ADM3,232,232,ETH,ETH-ADM3-50319843B31240861,Siya Debirna Wayu,ADM3
233,693.902726965,1513.0,52.0,ADM3,233,233,ETH,ETH-ADM3-50319843B44030016,Tach Armacho,ADM3
234,882.373802829,1363.0,296.0,ADM3,234,234,ETH,ETH-ADM3-50319843B11034617,Tach Gayint,ADM3
235,1060.36485882,1936.0,78.0,ADM3,235,235,ETH,ETH-ADM3-50319843B54161913,Takusa,ADM3
236,340.552513031,1214.0,33.0,ADM3,236,236,ETH,ETH-ADM3-50319843B77456021,Tarema Ber,ADM3
237,747.422763259,1658.0,64.0,ADM3,237,237,ETH,ETH-ADM3-50319843B67489313,Tenta,ADM3
238,169.490851299,430.0,36.0,ADM3,238,238,ETH,ETH-ADM3-50319843B52314375,Thehulederie,ADM3
239,634.573438754,1133.0,128.0,ADM3,239,239,ETH,ETH-ADM3-50319843B45905124,West Esite,ADM3
240,508.203509007,1397.0,123.0,ADM3,240,240,ETH,ETH-ADM3-50319843B81606263,Wadla,ADM3
241,304.072270409,644.0,121.0,ADM3,241,241,ETH,ETH-ADM3-50319843B77802104,Wegde,ADM3
242,584.999561573,1720.0,32.0,ADM3,242,242,ETH,ETH-ADM3-50319843B65834460,Wegera,ADM3
243,451.402905627,1037.0,128.0,ADM3,243,243,ETH,ETH-ADM3-50319843B67008327,Wemberma,ADM3
244,281.030165761,865.0,51.0,ADM3,244,244,ETH,ETH-ADM3-50319843B60015877,Were Ilu,ADM3
245,743.836406814,1506.0,79.0,ADM3,245,245,ETH,ETH-ADM3-50319843B58342207,West Belesa,ADM3
246,474.093571129,949.0,86.0,ADM3,246,246,ETH,ETH-ADM3-50319843B87371775,Worebabu,ADM3
247,836.442027373,1742.0,69.0,ADM3,247,247,ETH,ETH-ADM3-50319843B55597632,Yilmana Densa,ADM3
248,456.177343267,895.0,99.0,ADM3,248,248,ETH,ETH-ADM3-50319843B56221590,Ziquala,ADM3
249,873.857468784,1969.0,93.0,ADM3,249,249,ETH,ETH-ADM3-50319843B83349726,Tsegede,ADM3
250,476.95741305,1215.0,108.0,ADM3,250,250,ETH,ETH-ADM3-50319843B38820525,Addi Arekay,ADM3
251,501.543784568,1229.0,140.0,ADM3,251,251,ETH,ETH-ADM3-50319843B13364431,Tselemt,ADM3
252,284.62385716,996.0,65.0,ADM3,252,252,ETH,ETH-ADM3-50319843B70746512,Abergele,ADM3
253,218.638624859,606.0,88.0,ADM3,253,253,ETH,ETH-ADM3-50319843B51620513,Sekota,ADM3
254,335.952538643,784.0,125.0,ADM3,254,254,ETH,ETH-ADM3-50319843B57814684,Kobo,ADM3
255,495.027503077,1104.0,86.0,ADM3,255,255,ETH,ETH-ADM3-50319843B58204250,Artuma Fursi,ADM3
256,916.012395577,1501.0,368.0,ADM3,256,256,ETH,ETH-ADM3-50319843B19036471,Dewa Harewa,ADM3
257,340.35758571,876.0,123.0,ADM3,257,257,ETH,ETH-ADM3-50319843B15554077,Afdera,ADM3
258,326.635330736,824.0,123.0,ADM3,258,258,ETH,ETH-ADM3-50319843B7878020,Erebti,ADM3
259,446.307244072,1006.0,226.0,ADM3,259,259,ETH,ETH-ADM3-50319843B96787586,Elidar,ADM3
260,524.430516333,1181.0,175.0,ADM3,260,260,ETH,ETH-ADM3-50319843B86268795,Teru,ADM3
261,419.710590059,998.0,162.0,ADM3,261,261,ETH,ETH-ADM3-50319843B10723935,Dubti,ADM3
262,418.83588037,1015.0,183.0,ADM3,262,262,ETH,ETH-ADM3-50319843B57506630,Awra,ADM3
263,412.318133475,925.0,242.0,ADM3,263,263,ETH,ETH-ADM3-50319843B27631253,Aysaita,ADM3
264,467.724904605,790.0,270.0,ADM3,264,264,ETH,ETH-ADM3-50319843B8771226,Afambo,ADM3
265,469.599916386,1334.0,135.0,ADM3,265,265,ETH,ETH-ADM3-50319843B86004574,Gewane,ADM3
266,484.361006473,867.0,241.0,ADM3,266,266,ETH,ETH-ADM3-50319843B15008972,Bure Mudaytu,ADM3
267,514.727242232,1325.0,166.0,ADM3,267,267,ETH,ETH-ADM3-50319843B36834806,Amibara,ADM3
268,917.367842986,1333.0,465.0,ADM3,268,268,ETH,ETH-ADM3-50319843B81498305,Argoba Special,ADM3
269,610.358509989,1320.0,189.0,ADM3,269,269,ETH,ETH-ADM3-50319843B42858125,Dulecha,ADM3
270,291.547587316,808.0,143.0,ADM3,270,270,ETH,ETH-ADM3-50319843B82372880,Awash Fentale,ADM3
271,208.652085409,692.0,35.0,ADM3,271,271,ETH,ETH-ADM3-50319843B20282723,Dalul,ADM3
272,375.321375037,673.0,93.0,ADM3,272,272,ETH,ETH-ADM3-50319843B19544090,Koneba,ADM3
273,261.64069955,828.0,60.0,ADM3,273,273,ETH,ETH-ADM3-50319843B89635987,Berahile,ADM3
274,155.77026108,382.0,42.0,ADM3,274,274,ETH,ETH-ADM3-50319843B57108562,Ab Ala,ADM3
275,253.503534932,666.0,77.0,ADM3,275,275,ETH,ETH-ADM3-50319843B6637342,Megale,ADM3
276,333.553128875,745.0,137.0,ADM3,276,276,ETH,ETH-ADM3-50319843B76893698,Yalo,ADM3
277,293.075487797,535.0,156.0,ADM3,277,277,ETH,ETH-ADM3-50319843B98684948,Gulina,ADM3
278,463.039021474,1047.0,122.0,ADM3,278,278,ETH,ETH-ADM3-50319843B10202580,Ewa,ADM3
279,384.405546752,1015.0,82.0,ADM3,279,279,ETH,ETH-ADM3-50319843B68681493,Chifra,ADM3
280,348.043765756,935.0,128.0,ADM3,280,280,ETH,ETH-ADM3-50319843B85347293,Mile,ADM3
281,539.756267195,1423.0,81.0,ADM3,281,281,ETH,ETH-ADM3-50319843B34568938,Telalak,ADM3
282,1129.79303171,1382.0,633.0,ADM3,282,282,ETH,ETH-ADM3-50319843B70031006,Dalfagi,ADM3
283,840.220633538,1485.0,298.0,ADM3,283,283,ETH,ETH-ADM3-50319843B92632237,Dewe,ADM3
284,697.46814883,1249.0,62.0,ADM3,284,284,ETH,ETH-ADM3-50319843B1688011,Simurobi Gele'alo,ADM3
285,932.976750881,1380.0,483.0,ADM3,285,285,ETH,ETH-ADM3-50319843B797454,Hadelela,ADM3
286,305.312867987,734.0,118.0,ADM3,286,286,ETH,ETH-ADM3-50319843B76717164,Dera,ADM3
287,891.834789481,1334.0,315.0,ADM3,287,287,ETH,ETH-ADM3-50319843B94880908,Ibantu,ADM3
288,372.042734159,952.0,67.0,ADM3,288,288,ETH,ETH-ADM3-50319843B89315918,Wara Jarso,ADM3
289,349.478011525,729.0,104.0,ADM3,289,289,ETH,ETH-ADM3-50319843B19813687,Hidabu Abote,ADM3
290,432.727637941,1018.0,57.0,ADM3,290,290,ETH,ETH-ADM3-50319843B88692216,Limu,ADM3
291,341.729538676,714.0,139.0,ADM3,291,291,ETH,ETH-ADM3-50319843B10918585,Guduru,ADM3
292,492.010461478,1330.0,96.0,ADM3,292,292,ETH,ETH-ADM3-50319843B55890156,Degem,ADM3
293,656.930067674,1131.0,199.0,ADM3,293,293,ETH,ETH-ADM3-50319843B17671358,Abay Chomen,ADM3
294,290.074755538,882.0,79.0,ADM3,294,294,ETH,ETH-ADM3-50319843B15360179,Gerar Jarso,ADM3
295,449.528821509,918.0,123.0,ADM3,295,295,ETH,ETH-ADM3-50319843B59195216,Ginde Beret,ADM3
296,313.189594342,985.0,97.0,ADM3,296,296,ETH,ETH-ADM3-50319843B12900460,Kuyu,ADM3
297,382.644221003,1031.0,128.0,ADM3,297,297,ETH,ETH-ADM3-50319843B6642365,Horo,ADM3
298,815.119762549,1262.0,330.0,ADM3,298,298,ETH,ETH-ADM3-50319843B56064372,Abe Dongoro,ADM3
299,220.782857142,723.0,54.0,ADM3,299,299,ETH,ETH-ADM3-50319843B73357300,Wuchale,ADM3
300,947.324044478,1493.0,348.0,ADM3,300,300,ETH,ETH-ADM3-50319843B66758451,Yaya Gulele,ADM3
301,448.960881101,877.0,135.0,ADM3,301,301,ETH,ETH-ADM3-50319843B58806311,Jarso,ADM3
302,480.855290899,860.0,69.0,ADM3,302,302,ETH,ETH-ADM3-50319843B46727656,Meta Robi,ADM3
303,465.04095923,1343.0,274.0,ADM3,303,303,ETH,ETH-ADM3-50319843B50686838,Begi,ADM3
304,364.08988247,828.0,4.0,ADM3,304,304,ETH,ETH-ADM3-50319843B29421374,Kombolcha,ADM3
305,639.851262158,1453.0,48.0,ADM3,305,305,ETH,ETH-ADM3-50319843B69858787,Adda Berga,ADM3
306,525.65611516,1102.0,196.0,ADM3,306,306,ETH,ETH-ADM3-50319843B66568160,Babo,ADM3
307,650.991391892,1296.0,87.0,ADM3,307,307,ETH,ETH-ADM3-50319843B72397257,Bila Seyo,ADM3
308,213.38871379,625.0,35.0,ADM3,308,308,ETH,ETH-ADM3-50319843B2599311,Meta,ADM3
309,127.345561221,394.0,3.0,ADM3,309,309,ETH,ETH-ADM3-50319843B82821988,Haro Maya,ADM3
310,372.350357382,1044.0,26.0,ADM3,310,310,ETH,ETH-ADM3-50319843B47023049,Sasiga,ADM3
311,232.299702492,491.0,59.0,ADM3,311,311,ETH,ETH-ADM3-50319843B2387397,Goro Gutu,ADM3
312,360.779191585,973.0,0.0,ADM3,312,312,ETH,ETH-ADM3-50319843B61463598,Guto Gida,ADM3
313,178.970902255,548.0,35.0,ADM3,313,313,ETH,ETH-ADM3-50319843B88393797,Gursum,ADM3
314,135.748177186,611.0,13.0,ADM3,314,314,ETH,ETH-ADM3-50319843B27558148,Kersa,ADM3
315,401.353874725,1017.0,73.0,ADM3,315,315,ETH,ETH-ADM3-50319843B21241896,Jeldu,ADM3
316,383.706388039,697.0,87.0,ADM3,316,316,ETH,ETH-ADM3-50319843B81654516,Doba,ADM3
317,418.015382735,1076.0,125.0,ADM3,317,317,ETH,ETH-ADM3-50319843B1914214,Mieso,ADM3
318,391.041862564,975.0,59.0,ADM3,318,318,ETH,ETH-ADM3-50319843B2886922,Deder,ADM3
319,251.776120587,708.0,104.0,ADM3,319,319,ETH,ETH-ADM3-50319843B14598343,Cheliya,ADM3
320,662.343556949,1429.0,231.0,ADM3,320,320,ETH,ETH-ADM3-50319843B66567353,Gawo Kebe,ADM3
321,286.952216436,738.0,19.0,ADM3,321,321,ETH,ETH-ADM3-50319843B96451951,Babile,ADM3
322,339.624313942,925.0,84.0,ADM3,322,322,ETH,ETH-ADM3-50319843B11979156,Ambo Zuria,ADM3
323,197.305765774,376.0,106.0,ADM3,323,323,ETH,ETH-ADM3-50319843B72394811,Jimma Rare,ADM3
324,153.379878911,570.0,30.0,ADM3,324,324,ETH,ETH-ADM3-50319843B53569154,Kurfa Chele,ADM3
325,266.776990545,612.0,87.0,ADM3,325,325,ETH,ETH-ADM3-50319843B72271112,Tulo,ADM3
326,515.751520708,858.0,129.0,ADM3,326,326,ETH,ETH-ADM3-50319843B13928725,Bedeno,ADM3
327,277.092772821,925.0,45.0,ADM3,327,327,ETH,ETH-ADM3-50319843B56121688,Dendi,ADM3
328,221.49368552,729.0,29.0,ADM3,328,328,ETH,ETH-ADM3-50319843B87282898,Ejere (Addis Alem),ADM3
329,480.466916505,1154.0,45.0,ADM3,329,329,ETH,ETH-ADM3-50319843B45799392,Girawa,ADM3
330,182.566719817,422.0,77.0,ADM3,330,330,ETH,ETH-ADM3-50319843B88923124,Bako Tibe,ADM3
331,637.177166795,1229.0,171.0,ADM3,331,331,ETH,ETH-ADM3-50319843B89285525,Malka Balo,ADM3
332,658.029770649,1344.0,337.0,ADM3,332,332,ETH,ETH-ADM3-50319843B76618662,Ginir,ADM3
333,850.93637618,2489.0,89.0,ADM3,333,333,ETH,ETH-ADM3-50319843B52154219,Adaba,ADM3
334,98.4093983123,401.0,0.0,ADM3,334,334,ETH,ETH-ADM3-50319843B17507606,Shashemene Zuria,ADM3
335,177.182897439,538.0,23.0,ADM3,335,335,ETH,ETH-ADM3-50319843B42375113,Kofele,ADM3
336,252.34028931,605.0,59.0,ADM3,336,336,ETH,ETH-ADM3-50319843B63100824,Gedeb Asasa,ADM3
337,347.966795131,921.0,157.0,ADM3,337,337,ETH,ETH-ADM3-50319843B88609325,Sinana,ADM3
338,663.076423339,1121.0,259.0,ADM3,338,338,ETH,ETH-ADM3-50319843B52192338,Golo Oda,ADM3
339,1120.47993771,2317.0,371.0,ADM3,339,339,ETH,ETH-ADM3-50319843B39917876,Rayitu,ADM3
340,193.774588782,422.0,10.0,ADM3,340,340,ETH,ETH-ADM3-50319843B75779213,Fedis,ADM3
341,519.412011594,885.0,140.0,ADM3,341,341,ETH,ETH-ADM3-50319843B58048866,Gemechis,ADM3
342,794.828012479,1345.0,283.0,ADM3,342,342,ETH,ETH-ADM3-50319843B76676892,Mesela,ADM3
343,220.695021104,525.0,115.0,ADM3,343,343,ETH,ETH-ADM3-50319843B63687952,Fentale,ADM3
344,271.663817918,675.0,116.0,ADM3,344,344,ETH,ETH-ADM3-50319843B37881389,Haru,ADM3
345,340.73895784,682.0,149.0,ADM3,345,345,ETH,ETH-ADM3-50319843B29022049,Anchar,ADM3
346,286.440880192,596.0,160.0,ADM3,346,346,ETH,ETH-ADM3-50319843B87200155,Yubdo,ADM3
347,399.084950976,974.0,55.0,ADM3,347,347,ETH,ETH-ADM3-50319843B90182569,Wama Hagalo,ADM3
348,559.151078734,1111.0,147.0,ADM3,348,348,ETH,ETH-ADM3-50319843B53148258,Jarte Jardega,ADM3
349,345.618712095,750.0,150.0,ADM3,349,349,ETH,ETH-ADM3-50319843B53636433,Kuni,ADM3
350,415.857504535,929.0,153.0,ADM3,350,350,ETH,ETH-ADM3-50319843B94906948,Nole Kaba,ADM3
351,166.453903745,494.0,44.0,ADM3,351,351,ETH,ETH-ADM3-50319843B13024896,Ilu,ADM3
352,554.373401879,1211.0,138.0,ADM3,352,352,ETH,ETH-ADM3-50319843B32434751,Tikur Enchini,ADM3
353,151.967692372,508.0,22.0,ADM3,353,353,ETH,ETH-ADM3-50319843B43094110,Ada'a,ADM3
354,435.800450286,738.0,138.0,ADM3,354,354,ETH,ETH-ADM3-50319843B89929871,Dawo,ADM3
355,248.393300771,528.0,121.0,ADM3,355,355,ETH,ETH-ADM3-50319843B98788310,Dano,ADM3
356,244.538137481,710.0,51.0,ADM3,356,356,ETH,ETH-ADM3-50319843B36190133,Jimma Arjo,ADM3
357,382.278808396,798.0,124.0,ADM3,357,357,ETH,ETH-ADM3-50319843B84136845,Meko,ADM3
358,383.478339894,1014.0,170.0,ADM3,358,358,ETH,ETH-ADM3-50319843B17697007,Habro,ADM3
359,289.616969841,889.0,115.0,ADM3,359,359,ETH,ETH-ADM3-50319843B3376088,Nono,ADM3
360,397.759404753,1053.0,53.0,ADM3,360,360,ETH,ETH-ADM3-50319843B73224941,Limu Seka,ADM3
361,256.56749611,770.0,98.0,ADM3,361,361,ETH,ETH-ADM3-50319843B14661901,Merti,ADM3
362,491.920383182,1031.0,240.0,ADM3,362,362,ETH,ETH-ADM3-50319843B94835705,Hawa Galan,ADM3
363,362.869925424,792.0,55.0,ADM3,363,363,ETH,ETH-ADM3-50319843B91364900,Nunu Kumba,ADM3
364,198.668767769,552.0,39.0,ADM3,364,364,ETH,ETH-ADM3-50319843B92296640,Boset,ADM3
365,118.863818443,295.0,45.0,ADM3,365,365,ETH,ETH-ADM3-50319843B17997991,Lome,ADM3
366,569.655817611,1270.0,174.0,ADM3,366,366,ETH,ETH-ADM3-50319843B8454623,Boke,ADM3
367,591.155617563,1032.0,174.0,ADM3,367,367,ETH,ETH-ADM3-50319843B93206321,Wenchi,ADM3
368,547.990355691,978.0,69.0,ADM3,368,368,ETH,ETH-ADM3-50319843B65464187,Tole,ADM3
369,503.775284757,1169.0,184.0,ADM3,369,369,ETH,ETH-ADM3-50319843B89283502,Darimu,ADM3
370,816.879368033,1394.0,186.0,ADM3,370,370,ETH,ETH-ADM3-50319843B55972162,Ameya,ADM3
371,247.263639103,550.0,63.0,ADM3,371,371,ETH,ETH-ADM3-50319843B95329538,Becho,ADM3
372,125.911843205,445.0,0.0,ADM3,372,372,ETH,ETH-ADM3-50319843B55556680,Adama,ADM3
373,388.105013043,953.0,81.0,ADM3,373,373,ETH,ETH-ADM3-50319843B11530965,Waliso,ADM3
374,366.234057307,712.0,161.0,ADM3,374,374,ETH,ETH-ADM3-50319843B67314201,Alge Sachi,ADM3
375,765.416986568,1604.0,169.0,ADM3,375,375,ETH,ETH-ADM3-50319843B67297280,Aseko,ADM3
376,915.878791917,1725.0,218.0,ADM3,376,376,ETH,ETH-ADM3-50319843B95069949,Gololcha Arsi,ADM3
377,300.903294768,876.0,76.0,ADM3,377,377,ETH,ETH-ADM3-50319843B50115767,Chora,ADM3
378,232.727202498,834.0,76.0,ADM3,378,378,ETH,ETH-ADM3-50319843B22016814,Jeju,ADM3
379,840.272681154,1354.0,359.0,ADM3,379,379,ETH,ETH-ADM3-50319843B32821695,Seden Sodo,ADM3
380,290.455127061,907.0,111.0,ADM3,380,380,ETH,ETH-ADM3-50319843B12634167,Chora,ADM3
381,209.487448022,515.0,55.0,ADM3,381,381,ETH,ETH-ADM3-50319843B35188960,Sire,ADM3
382,475.835559706,879.0,175.0,ADM3,382,382,ETH,ETH-ADM3-50319843B47439046,Metu Zuria,ADM3
383,443.894909229,1360.0,134.0,ADM3,383,383,ETH,ETH-ADM3-50319843B50444857,Yayu,ADM3
384,234.035762623,566.0,95.0,ADM3,384,384,ETH,ETH-ADM3-50319843B13025734,Dugda,ADM3
385,889.655882698,1689.0,479.0,ADM3,385,385,ETH,ETH-ADM3-50319843B57167656,Chole,ADM3
386,359.25524674,764.0,39.0,ADM3,386,386,ETH,ETH-ADM3-50319843B46208254,Ziway Dugda,ADM3
387,568.349500852,1304.0,212.0,ADM3,387,387,ETH,ETH-ADM3-50319843B31214985,Didu,ADM3
388,816.382388613,1579.0,88.0,ADM3,388,388,ETH,ETH-ADM3-50319843B91447172,Sude,ADM3
389,646.703205912,1162.0,182.0,ADM3,389,389,ETH,ETH-ADM3-50319843B86946875,Setema,ADM3
390,386.138218861,1226.0,12.0,ADM3,390,390,ETH,ETH-ADM3-50319843B71250236,Hitosa,ADM3
391,246.074043073,607.0,59.0,ADM3,391,391,ETH,ETH-ADM3-50319843B70577466,Dedesa,ADM3
392,1153.25161887,1958.0,438.0,ADM3,392,392,ETH,ETH-ADM3-50319843B74178194,Sigmo,ADM3
393,264.189920611,879.0,48.0,ADM3,393,393,ETH,ETH-ADM3-50319843B50228030,Tiro Afeta,ADM3
394,827.249489923,1487.0,343.0,ADM3,394,394,ETH,ETH-ADM3-50319843B9714978,Lege Hida,ADM3
395,975.519971163,1898.0,323.0,ADM3,395,395,ETH,ETH-ADM3-50319843B41050215,Amigna,ADM3
396,167.48557529,675.0,27.0,ADM3,396,396,ETH,ETH-ADM3-50319843B78582515,Goma,ADM3
397,210.458675595,584.0,57.0,ADM3,397,397,ETH,ETH-ADM3-50319843B56303956,Adami Tulu Jido Kombolcha,ADM3
398,288.916703335,915.0,0.0,ADM3,398,398,ETH,ETH-ADM3-50319843B95828916,Tiyo,ADM3
399,317.933545327,975.0,0.0,ADM3,399,399,ETH,ETH-ADM3-50319843B69736862,Kersa,ADM3
400,226.698963084,849.0,48.0,ADM3,400,400,ETH,ETH-ADM3-50319843B44087643,Sekoru,ADM3
401,672.289706591,1576.0,71.0,ADM3,401,401,ETH,ETH-ADM3-50319843B94433296,Robe,ADM3
402,622.20563854,1504.0,54.0,ADM3,402,402,ETH,ETH-ADM3-50319843B97952911,Gera,ADM3
403,102.942485532,423.0,3.0,ADM3,403,403,ETH,ETH-ADM3-50319843B49939429,Mena,ADM3
404,976.756212305,1960.0,313.0,ADM3,404,404,ETH,ETH-ADM3-50319843B16502335,Seru,ADM3
405,286.725453598,924.0,18.0,ADM3,405,405,ETH,ETH-ADM3-50319843B69545926,Degeluna Tijo,ADM3
406,1030.10928695,1620.0,355.0,ADM3,406,406,ETH,ETH-ADM3-50319843B23977322,Gololcha Bale,ADM3
407,716.115726093,1636.0,37.0,ADM3,407,407,ETH,ETH-ADM3-50319843B62794766,Omo Nada,ADM3
408,706.536433832,1221.0,142.0,ADM3,408,408,ETH,ETH-ADM3-50319843B77639174,Munessa,ADM3
409,436.214328261,1113.0,19.0,ADM3,409,409,ETH,ETH-ADM3-50319843B10781291,Shebe Sambo,ADM3
410,1169.02553301,2317.0,407.0,ADM3,410,410,ETH,ETH-ADM3-50319843B89981442,Seweyna,ADM3
411,390.13055668,889.0,58.0,ADM3,411,411,ETH,ETH-ADM3-50319843B33193174,Shirka,ADM3
412,193.750636306,711.0,16.0,ADM3,412,412,ETH,ETH-ADM3-50319843B99360253,Arsi Negele,ADM3
413,448.91569622,1284.0,4.0,ADM3,413,413,ETH,ETH-ADM3-50319843B20335695,Dedo,ADM3
414,323.536145695,998.0,39.0,ADM3,414,414,ETH,ETH-ADM3-50319843B42089329,Limu Bilbilo,ADM3
415,231.872428905,569.0,9.0,ADM3,415,415,ETH,ETH-ADM3-50319843B92319459,Shalla,ADM3
416,698.099120264,1314.0,207.0,ADM3,416,416,ETH,ETH-ADM3-50319843B55069655,Agarfa,ADM3
417,448.396172067,824.0,246.0,ADM3,417,417,ETH,ETH-ADM3-50319843B58001947,Dawe Kachen,ADM3
418,416.617526013,1253.0,56.0,ADM3,418,418,ETH,ETH-ADM3-50319843B42314711,Dodola,ADM3
419,1230.45592867,2611.0,177.0,ADM3,419,419,ETH,ETH-ADM3-50319843B29493336,Goba,ADM3
420,680.517528379,1424.0,85.0,ADM3,420,420,ETH,ETH-ADM3-50319843B4591652,Kokosa,ADM3
421,493.413714733,1104.0,222.0,ADM3,421,421,ETH,ETH-ADM3-50319843B51586269,Berbere,ADM3
422,951.633694649,2116.0,223.0,ADM3,422,422,ETH,ETH-ADM3-50319843B87367439,Gura Damole,ADM3
423,726.607720553,1822.0,97.0,ADM3,423,423,ETH,ETH-ADM3-50319843B99978439,Nenesebo (Wereka),ADM3
424,1033.1065689,2338.0,248.0,ADM3,424,424,ETH,ETH-ADM3-50319843B75575706,Mena,ADM3
425,491.159466427,1009.0,51.0,ADM3,425,425,ETH,ETH-ADM3-50319843B94383853,Gelana,ADM3
426,587.892709316,948.0,144.0,ADM3,426,426,ETH,ETH-ADM3-50319843B2733721,Uraga,ADM3
427,856.021990972,2238.0,187.0,ADM3,427,427,ETH,ETH-ADM3-50319843B31758345,Meda Welabu,ADM3
428,414.687564956,904.0,130.0,ADM3,428,428,ETH,ETH-ADM3-50319843B8949550,Adola,ADM3
429,491.349902658,1073.0,160.0,ADM3,429,429,ETH,ETH-ADM3-50319843B91529959,Teltele,ADM3
430,544.009620357,1106.0,384.0,ADM3,430,430,ETH,ETH-ADM3-50319843B2685726,Moyale,ADM3
431,453.142574859,861.0,151.0,ADM3,431,431,ETH,ETH-ADM3-50319843B50931626,Borecha,ADM3
432,486.667124834,861.0,189.0,ADM3,432,432,ETH,ETH-ADM3-50319843B49027342,Lalo Kile,ADM3
433,428.131092303,867.0,176.0,ADM3,433,433,ETH,ETH-ADM3-50319843B28491723,Jarso,ADM3
434,808.689386051,1546.0,330.0,ADM3,434,434,ETH,ETH-ADM3-50319843B95552995,Jimma Horo,ADM3
435,799.786435558,1394.0,239.0,ADM3,435,435,ETH,ETH-ADM3-50319843B45428625,Yama Logi Welel,ADM3
436,403.488351192,1075.0,221.0,ADM3,436,436,ETH,ETH-ADM3-50319843B75646012,Dale Wabera,ADM3
437,404.605975886,982.0,198.0,ADM3,437,437,ETH,ETH-ADM3-50319843B16205037,Dale Sadi,ADM3
438,416.211727905,877.0,158.0,ADM3,438,438,ETH,ETH-ADM3-50319843B72558897,Boji Chekorsa,ADM3
439,296.096024503,562.0,146.0,ADM3,439,439,ETH,ETH-ADM3-50319843B67886891,Gaji,ADM3
440,330.258463929,679.0,137.0,ADM3,440,440,ETH,ETH-ADM3-50319843B41912505,Sayo Nole,ADM3
441,228.452497227,612.0,97.0,ADM3,441,441,ETH,ETH-ADM3-50319843B77732775,Dega,ADM3
442,362.675028725,624.0,174.0,ADM3,442,442,ETH,ETH-ADM3-50319843B90960117,Bilo Nopha,ADM3
443,479.277409806,1117.0,215.0,ADM3,443,443,ETH,ETH-ADM3-50319843B51171152,Halu (Huka),ADM3
444,340.338373426,686.0,195.0,ADM3,444,444,ETH,ETH-ADM3-50319843B93389535,Ale,ADM3
445,587.940390335,1701.0,160.0,ADM3,445,445,ETH,ETH-ADM3-50319843B99257227,Hurumu,ADM3
446,538.539382329,1371.0,189.0,ADM3,446,446,ETH,ETH-ADM3-50319843B52582179,Becho,ADM3
447,384.939534062,844.0,74.0,ADM3,447,447,ETH,ETH-ADM3-50319843B51563254,Gechi,ADM3
448,283.299623226,741.0,84.0,ADM3,448,448,ETH,ETH-ADM3-50319843B46090044,Badele Zuria,ADM3
449,290.805869791,616.0,137.0,ADM3,449,449,ETH,ETH-ADM3-50319843B67432653,Dorani,ADM3
450,242.081896933,628.0,71.0,ADM3,450,450,ETH,ETH-ADM3-50319843B56032036,Boneya Boshe,ADM3
451,299.574602036,737.0,65.0,ADM3,451,451,ETH,ETH-ADM3-50319843B3929489,Gobu Seyo,ADM3
452,195.994378856,513.0,39.0,ADM3,452,452,ETH,ETH-ADM3-50319843B39785039,Leka Dulecha,ADM3
453,533.799904157,1250.0,39.0,ADM3,453,453,ETH,ETH-ADM3-50319843B65552333,Sibu Sire,ADM3
454,192.627815505,872.0,24.0,ADM3,454,454,ETH,ETH-ADM3-50319843B2862980,Wayu Tuka,ADM3
455,649.492918487,1090.0,140.0,ADM3,455,455,ETH,ETH-ADM3-50319843B36959225,Amuru,ADM3
456,194.911340371,583.0,98.0,ADM3,456,456,ETH,ETH-ADM3-50319843B65254358,Jimma Genete,ADM3
457,485.58465679,1001.0,175.0,ADM3,457,457,ETH,ETH-ADM3-50319843B9320079,Ababo,ADM3
458,376.438544137,1087.0,43.0,ADM3,458,458,ETH,ETH-ADM3-50319843B76392261,Gumay,ADM3
459,103.425665384,526.0,1.0,ADM3,459,459,ETH,ETH-ADM3-50319843B37070877,Seka Chekorsa,ADM3
460,287.821864244,844.0,25.0,ADM3,460,460,ETH,ETH-ADM3-50319843B2055907,Limu Kosa,ADM3
461,543.997785823,993.0,112.0,ADM3,461,461,ETH,ETH-ADM3-50319843B45869509,Abuna G/Beret,ADM3
462,655.195327163,1032.0,107.0,ADM3,462,462,ETH,ETH-ADM3-50319843B60633086,Ifata,ADM3
463,337.803223012,950.0,107.0,ADM3,463,463,ETH,ETH-ADM3-50319843B88937952,Toke Kutaye,ADM3
464,538.079649394,994.0,172.0,ADM3,464,464,ETH,ETH-ADM3-50319843B40844562,Mida Kegn,ADM3
465,288.818664459,747.0,135.0,ADM3,465,465,ETH,ETH-ADM3-50319843B50602225,Jibat,ADM3
466,280.704687848,607.0,105.0,ADM3,466,466,ETH,ETH-ADM3-50319843B56038911,Goro,ADM3
467,209.595318847,725.0,42.0,ADM3,467,467,ETH,ETH-ADM3-50319843B1614928,Kersana Malima,ADM3
468,209.679013575,439.0,70.0,ADM3,468,468,ETH,ETH-ADM3-50319843B46995928,Debre Libanos,ADM3
469,663.697083595,1245.0,180.0,ADM3,469,469,ETH,ETH-ADM3-50319843B73577962,Mulo,ADM3
470,243.431300727,610.0,48.0,ADM3,470,470,ETH,ETH-ADM3-50319843B95506852,Aleltu,ADM3
471,434.974552597,793.0,105.0,ADM3,471,471,ETH,ETH-ADM3-50319843B75512132,Jida,ADM3
472,149.393361857,525.0,73.0,ADM3,472,472,ETH,ETH-ADM3-50319843B43700942,Bora,ADM3
473,319.41254133,811.0,68.0,ADM3,473,473,ETH,ETH-ADM3-50319843B7689813,Liben Chukala,ADM3
474,208.704139646,634.0,34.0,ADM3,474,474,ETH,ETH-ADM3-50319843B60801734,Dodota,ADM3
475,336.481652634,1238.0,54.0,ADM3,475,475,ETH,ETH-ADM3-50319843B74174962,Lude Hitosa,ADM3
476,261.011064884,875.0,54.0,ADM3,476,476,ETH,ETH-ADM3-50319843B43564651,Tena,ADM3
477,359.471392808,1193.0,76.0,ADM3,477,477,ETH,ETH-ADM3-50319843B33640857,Diksis,ADM3
478,416.515009912,827.0,175.0,ADM3,478,478,ETH,ETH-ADM3-50319843B62382975,Inkolo Wabe,ADM3
479,794.179946504,1631.0,136.0,ADM3,479,479,ETH,ETH-ADM3-50319843B11216260,Guna,ADM3
480,1371.42780308,1957.0,499.0,ADM3,480,480,ETH,ETH-ADM3-50319843B76827374,Bele Gesgar,ADM3
481,482.506569103,741.0,99.0,ADM3,481,481,ETH,ETH-ADM3-50319843B3071732,Siraro,ADM3
482,188.141370061,790.0,37.0,ADM3,482,482,ETH,ETH-ADM3-50319843B60592350,Kore,ADM3
483,524.13742238,868.0,167.0,ADM3,483,483,ETH,ETH-ADM3-50319843B27712169,Goba Koricha,ADM3
484,414.402195381,851.0,126.0,ADM3,484,484,ETH,ETH-ADM3-50319843B69874916,Chiro Zuria,ADM3
485,205.803845807,429.0,50.0,ADM3,485,485,ETH,ETH-ADM3-50319843B22926217,Midega Tola,ADM3
486,818.245776671,1326.0,154.0,ADM3,486,486,ETH,ETH-ADM3-50319843B88155410,Meyu,ADM3
487,411.522026742,1035.0,20.0,ADM3,487,487,ETH,ETH-ADM3-50319843B6724277,Chinaksen,ADM3
488,637.740779812,1459.0,231.0,ADM3,488,488,ETH,ETH-ADM3-50319843B27892122,Gasera,ADM3
489,420.268751193,1671.0,125.0,ADM3,489,489,ETH,ETH-ADM3-50319843B32621018,Dinsho,ADM3
490,999.386886625,2116.0,216.0,ADM3,490,490,ETH,ETH-ADM3-50319843B36241697,Harena Buluk,ADM3
491,389.909149574,725.0,202.0,ADM3,491,491,ETH,ETH-ADM3-50319843B4084914,Goro,ADM3
492,606.609774059,1099.0,121.0,ADM3,492,492,ETH,ETH-ADM3-50319843B15238442,Afele Kola (Dima),ADM3
493,639.08987596,1266.0,189.0,ADM3,493,493,ETH,ETH-ADM3-50319843B2549075,Kercha,ADM3
494,389.421058835,830.0,148.0,ADM3,494,494,ETH,ETH-ADM3-50319843B8311702,Girja (Harenfema),ADM3
495,420.571739982,860.0,169.0,ADM3,495,495,ETH,ETH-ADM3-50319843B14789449,Wadera,ADM3
496,291.11603108,912.0,64.0,ADM3,496,496,ETH,ETH-ADM3-50319843B8862575,Abaya,ADM3
497,358.809886446,1016.0,142.0,ADM3,497,497,ETH,ETH-ADM3-50319843B9340837,Bule Hora,ADM3
498,453.883692849,1093.0,207.0,ADM3,498,498,ETH,ETH-ADM3-50319843B87497601,Yabelo,ADM3
499,211.105827077,497.0,59.0,ADM3,499,499,ETH,ETH-ADM3-50319843B8019166,Sodo Daci,ADM3
500,497.499727698,982.0,56.0,ADM3,500,500,ETH,ETH-ADM3-50319843B82027357,Kondaltiti,ADM3
501,394.734108161,1236.0,184.0,ADM3,501,501,ETH,ETH-ADM3-50319843B80246835,Dugda Dawa,ADM3
502,841.136858927,1329.0,199.0,ADM3,502,502,ETH,ETH-ADM3-50319843B54675095,Melka Soda,ADM3
503,611.792432513,1420.0,305.0,ADM3,503,503,ETH,ETH-ADM3-50319843B94837992,Dillo,ADM3
504,567.524470018,1586.0,296.0,ADM3,504,504,ETH,ETH-ADM3-50319843B2810677,Dire,ADM3
505,587.714089905,1237.0,374.0,ADM3,505,505,ETH,ETH-ADM3-50319843B50020843,Miyo,ADM3
506,494.36883975,878.0,318.0,ADM3,506,506,ETH,ETH-ADM3-50319843B89923118,Dehas,ADM3
507,484.758219085,1503.0,268.0,ADM3,507,507,ETH,ETH-ADM3-50319843B43871336,Arero,ADM3
508,1245.54020408,2013.0,304.0,ADM3,508,508,ETH,ETH-ADM3-50319843B17704908,Gidami,ADM3
509,920.724347721,1860.0,287.0,ADM3,509,509,ETH,ETH-ADM3-50319843B52017910,Anfilo,ADM3
510,515.620613111,1083.0,229.0,ADM3,510,510,ETH,ETH-ADM3-50319843B44240761,Bure,ADM3
511,454.534661153,813.0,268.0,ADM3,511,511,ETH,ETH-ADM3-50319843B9480608,Sayo,ADM3
512,2157.34709396,3819.0,374.0,ADM3,512,512,ETH,ETH-ADM3-50319843B90381836,Sale Nono,ADM3
513,404.765981152,847.0,234.0,ADM3,513,513,ETH,ETH-ADM3-50319843B78839768,Gudetu Kondole,ADM3
514,453.950514937,899.0,203.0,ADM3,514,514,ETH,ETH-ADM3-50319843B62817820,Mana Sibu,ADM3
515,511.812266702,1191.0,186.0,ADM3,515,515,ETH,ETH-ADM3-50319843B91288709,Kiltu Kara,ADM3
516,427.070262393,1074.0,154.0,ADM3,516,516,ETH,ETH-ADM3-50319843B5479841,Nejo,ADM3
517,315.218080976,774.0,131.0,ADM3,517,517,ETH,ETH-ADM3-50319843B88387380,Boji Dirmeji,ADM3
518,329.712979308,626.0,121.0,ADM3,518,518,ETH,ETH-ADM3-50319843B18453404,Lalo Asabi,ADM3
519,260.893872423,626.0,78.0,ADM3,519,519,ETH,ETH-ADM3-50319843B20440907,Gimbi,ADM3
520,435.198770568,861.0,69.0,ADM3,520,520,ETH,ETH-ADM3-50319843B8819203,Chwaka,ADM3
521,410.739391737,902.0,72.0,ADM3,521,521,ETH,ETH-ADM3-50319843B23406856,Dabo Hana,ADM3
522,288.298026736,970.0,28.0,ADM3,522,522,ETH,ETH-ADM3-50319843B89525721,Diga,ADM3
523,590.946198528,1419.0,139.0,ADM3,523,523,ETH,ETH-ADM3-50319843B97260908,Haro Limu,ADM3
524,190.080205828,513.0,17.0,ADM3,524,524,ETH,ETH-ADM3-50319843B34237899,Abichuna Gne'a,ADM3
525,213.560858437,622.0,28.0,ADM3,525,525,ETH,ETH-ADM3-50319843B96113830,Kembibit,ADM3
526,316.483899322,660.0,56.0,ADM3,526,526,ETH,ETH-ADM3-50319843B30459458,Gimbichu,ADM3
527,179.045646952,738.0,4.0,ADM3,527,527,ETH,ETH-ADM3-50319843B17000960,Walmara,ADM3
528,230.665568038,654.0,8.0,ADM3,528,528,ETH,ETH-ADM3-50319843B6479564,Akaki,ADM3
529,271.644015902,865.0,23.0,ADM3,529,529,ETH,ETH-ADM3-50319843B61155448,Bereh,ADM3
530,287.972679516,977.0,6.0,ADM3,530,530,ETH,ETH-ADM3-50319843B66526861,Sululta,ADM3
531,134.511980196,398.0,2.0,ADM3,531,531,ETH,ETH-ADM3-50319843B31027403,Alem Gena,ADM3
532,323.952853602,1135.0,0.0,ADM3,532,532,ETH,ETH-ADM3-50319843B76329612,Basona Worena,ADM3
533,424.870147732,915.0,104.0,ADM3,533,533,ETH,ETH-ADM3-50319843B77399443,Ensaro,ADM3
534,26.5709357041,209.0,0.0,ADM3,534,534,ETH,ETH-ADM3-50319843B16938888,Akaki - Kalit,ADM3
535,10.3961023426,142.0,0.0,ADM3,535,535,ETH,ETH-ADM3-50319843B76069152,Kolfe - Keran,ADM3
536,757.343011023,1632.0,243.0,ADM3,536,536,ETH,ETH-ADM3-50319843B80520857,"Hawi Gudina
",ADM3
537,717.098243445,1415.0,207.0,ADM3,537,537,ETH,ETH-ADM3-50319843B38327477,Daro Lebu,ADM3
538,1080.4601667,1694.0,510.0,ADM3,538,538,ETH,ETH-ADM3-50319843B75283768,Hargele,ADM3
539,501.924203152,984.0,186.0,ADM3,539,539,ETH,ETH-ADM3-50319843B77045684,Bidu,ADM3
540,464.574434629,1143.0,230.0,ADM3,540,540,ETH,ETH-ADM3-50319843B94745738,Kurri,ADM3
541,264.119355367,605.0,81.0,ADM3,541,541,ETH,ETH-ADM3-50319843B99488407,Adaa'r,ADM3
542,331.540437251,784.0,184.0,ADM3,542,542,ETH,ETH-ADM3-50319843B84620733,Yeki,ADM3
543,669.668017959,1191.0,72.0,ADM3,543,543,ETH,ETH-ADM3-50319843B95429821,Menjiwo,ADM3
544,204.677061232,402.0,122.0,ADM3,544,544,ETH,ETH-ADM3-50319843B70540990,Kacha Bira,ADM3
545,544.313707073,997.0,252.0,ADM3,545,545,ETH,ETH-ADM3-50319843B24802420,Tembaro,ADM3
546,1297.83556904,2668.0,83.0,ADM3,546,546,ETH,ETH-ADM3-50319843B90067273,Decha,ADM3
547,1242.76151591,2487.0,552.0,ADM3,547,547,ETH,ETH-ADM3-50319843B52055462,Menit Shasha,ADM3
548,743.845876129,1983.0,37.0,ADM3,548,548,ETH,ETH-ADM3-50319843B12508300,Ela (Konta) SP Woreda,ADM3
549,1598.81059696,2375.0,420.0,ADM3,549,549,ETH,ETH-ADM3-50319843B39712279,Cheta,ADM3
550,562.885266698,1369.0,95.0,ADM3,550,550,ETH,ETH-ADM3-50319843B59079339,Loma Bosa,ADM3
551,596.905652495,1193.0,59.0,ADM3,551,551,ETH,ETH-ADM3-50319843B93756049,Boreda,ADM3
552,241.13294295,753.0,74.0,ADM3,552,552,ETH,ETH-ADM3-50319843B7086884,Sodo,ADM3
553,209.212228004,484.0,109.0,ADM3,553,553,ETH,ETH-ADM3-50319843B8648547,Abeshege,ADM3
554,1179.67156355,1622.0,589.0,ADM3,554,554,ETH,ETH-ADM3-50319843B43751687,Kokir Gedbano,ADM3
555,298.784268885,891.0,100.0,ADM3,555,555,ETH,ETH-ADM3-50319843B30446360,Meskan,ADM3
556,319.416736709,661.0,136.0,ADM3,556,556,ETH,ETH-ADM3-50319843B75643348,Cheha,ADM3
557,653.768425159,1579.0,142.0,ADM3,557,557,ETH,ETH-ADM3-50319843B98382194,South Ari (Bako Gazer),ADM3
558,737.655587753,1213.0,166.0,ADM3,558,558,ETH,ETH-ADM3-50319843B84944842,Enemorina Eaner,ADM3
559,550.842968154,914.0,219.0,ADM3,559,559,ETH,ETH-ADM3-50319843B52744102,Alicho Woriro,ADM3
560,274.893006688,569.0,98.0,ADM3,560,560,ETH,ETH-ADM3-50319843B54910590,Selti,ADM3
561,409.113950159,808.0,73.0,ADM3,561,561,ETH,ETH-ADM3-50319843B30244990,Yem SP Woreda,ADM3
562,715.301031281,1079.0,226.0,ADM3,562,562,ETH,ETH-ADM3-50319843B99875669,Gibe,ADM3
563,426.620230904,975.0,101.0,ADM3,563,563,ETH,ETH-ADM3-50319843B83053130,Lanfero,ADM3
564,1161.17847379,2207.0,243.0,ADM3,564,564,ETH,ETH-ADM3-50319843B15681579,Gesha (Deka),ADM3
565,324.434785207,768.0,145.0,ADM3,565,565,ETH,ETH-ADM3-50319843B70283745,Wilbareg,ADM3
566,545.027806724,1032.0,183.0,ADM3,566,566,ETH,ETH-ADM3-50319843B66178330,Soro,ADM3
567,633.875990426,1801.0,239.0,ADM3,567,567,ETH,ETH-ADM3-50319843B33645640,Masha,ADM3
568,248.454283992,813.0,56.0,ADM3,568,568,ETH,ETH-ADM3-50319843B31431782,Gimbo,ADM3
569,374.240245708,975.0,35.0,ADM3,569,569,ETH,ETH-ADM3-50319843B10485459,Alaba SP Woreda,ADM3
570,406.360459198,621.0,179.0,ADM3,570,570,ETH,ETH-ADM3-50319843B18914140,Anigacha,ADM3
571,464.460734221,1940.0,100.0,ADM3,571,571,ETH,ETH-ADM3-50319843B24707927,Chena,ADM3
572,204.777363429,501.0,109.0,ADM3,572,572,ETH,ETH-ADM3-50319843B70538345,Boloso sore,ADM3
573,288.365679044,823.0,77.0,ADM3,573,573,ETH,ETH-ADM3-50319843B90345489,Mareka,ADM3
574,136.894258527,480.0,11.0,ADM3,574,574,ETH,ETH-ADM3-50319843B22538189,Wondo-Genet,ADM3
575,180.982113804,396.0,79.0,ADM3,575,575,ETH,ETH-ADM3-50319843B57719987,Damot Gale,ADM3
576,850.84350048,1574.0,208.0,ADM3,576,576,ETH,ETH-ADM3-50319843B76792322,Esira,ADM3
577,221.039375655,560.0,92.0,ADM3,577,577,ETH,ETH-ADM3-50319843B61716694,Sodo Zuria,ADM3
578,508.398630682,844.0,102.0,ADM3,578,578,ETH,ETH-ADM3-50319843B37944143,Loka Abaya,ADM3
579,855.478192012,1237.0,653.0,ADM3,579,579,ETH,ETH-ADM3-50319843B10692906,Arbe Gonna,ADM3
580,809.293444736,1337.0,182.0,ADM3,580,580,ETH,ETH-ADM3-50319843B42360279,Ofa,ADM3
581,266.688229088,733.0,63.0,ADM3,581,581,ETH,ETH-ADM3-50319843B6981525,Hulla,ADM3
582,352.303777241,728.0,62.0,ADM3,582,582,ETH,ETH-ADM3-50319843B59265962,Chuko,ADM3
583,621.623019591,1281.0,181.0,ADM3,583,583,ETH,ETH-ADM3-50319843B63859874,Melekoza,ADM3
584,1007.11467454,1523.0,180.0,ADM3,584,584,ETH,ETH-ADM3-50319843B5379492,Kucha,ADM3
585,1073.40370965,1822.0,152.0,ADM3,585,585,ETH,ETH-ADM3-50319843B32259273,Chire,ADM3
586,493.790821744,1062.0,131.0,ADM3,586,586,ETH,ETH-ADM3-50319843B8191059,Denibu Gofa,ADM3
587,725.355752262,1512.0,161.0,ADM3,587,587,ETH,ETH-ADM3-50319843B33938150,Aroresa,ADM3
588,260.250827913,801.0,66.0,ADM3,588,588,ETH,ETH-ADM3-50319843B42287313,Dara,ADM3
589,1608.15569972,3057.0,550.0,ADM3,589,589,ETH,ETH-ADM3-50319843B15631022,Surma,ADM3
590,960.566524784,1834.0,358.0,ADM3,590,590,ETH,ETH-ADM3-50319843B52597323,Selamgo,ADM3
591,885.170617761,1901.0,400.0,ADM3,591,591,ETH,ETH-ADM3-50319843B41233663,Maji,ADM3
592,193.352344663,741.0,13.0,ADM3,592,592,ETH,ETH-ADM3-50319843B57544721,Chencha,ADM3
593,579.304440249,1252.0,28.0,ADM3,593,593,ETH,ETH-ADM3-50319843B63989082,Dita,ADM3
594,584.205588822,1340.0,197.0,ADM3,594,594,ETH,ETH-ADM3-50319843B9843183,Basketo SP Woreda,ADM3
595,928.17655485,1294.0,466.0,ADM3,595,595,ETH,ETH-ADM3-50319843B72307986,Daramalo,ADM3
596,868.362887557,1170.0,483.0,ADM3,596,596,ETH,ETH-ADM3-50319843B43790946,Bule,ADM3
597,325.22200465,761.0,95.0,ADM3,597,597,ETH,ETH-ADM3-50319843B34397057,Yirgachefe,ADM3
598,92.8566836329,859.0,0.0,ADM3,598,598,ETH,ETH-ADM3-50319843B71341501,Arba Minch Zuria,ADM3
599,1026.32861757,2027.0,299.0,ADM3,599,599,ETH,ETH-ADM3-50319843B58337175,Shay Bench,ADM3
600,520.63769035,1009.0,29.0,ADM3,600,600,ETH,ETH-ADM3-50319843B12952434,Amaro,ADM3
601,432.293284235,859.0,52.0,ADM3,601,601,ETH,ETH-ADM3-50319843B18904110,Burji,ADM3
602,318.929520942,797.0,53.0,ADM3,602,602,ETH,ETH-ADM3-50319843B9579775,Konso,ADM3
603,462.750137734,832.0,313.0,ADM3,603,603,ETH,ETH-ADM3-50319843B11012673,Gnangatom,ADM3
604,456.108253686,1138.0,79.0,ADM3,604,604,ETH,ETH-ADM3-50319843B89545937,Zala,ADM3
605,533.531405247,1229.0,151.0,ADM3,605,605,ETH,ETH-ADM3-50319843B19878015,Ezha,ADM3
606,257.227591274,643.0,110.0,ADM3,606,606,ETH,ETH-ADM3-50319843B51726894,Damot Sore,ADM3
607,471.894762832,734.0,191.0,ADM3,607,607,ETH,ETH-ADM3-50319843B13266883,Boloso Bombe,ADM3
608,336.704026847,820.0,121.0,ADM3,608,608,ETH,ETH-ADM3-50319843B11348226,Kindo Koysha,ADM3
609,578.291882876,1268.0,161.0,ADM3,609,609,ETH,ETH-ADM3-50319843B63415072,Kindo Dida,ADM3
610,155.613636396,344.0,85.0,ADM3,610,610,ETH,ETH-ADM3-50319843B6944236,Damot Pulasa,ADM3
611,226.316227244,582.0,16.0,ADM3,611,611,ETH,ETH-ADM3-50319843B77615393,Hawassa Zuria,ADM3
612,30.163165519,209.0,0.0,ADM3,612,612,ETH,ETH-ADM3-50319843B49482886,Hawasa Town,ADM3
613,380.629060797,594.0,83.0,ADM3,613,613,ETH,ETH-ADM3-50319843B10092424,Malga,ADM3
614,122.262647931,560.0,13.0,ADM3,614,614,ETH,ETH-ADM3-50319843B28299074,Shebe Dino,ADM3
615,596.261743589,1015.0,100.0,ADM3,615,615,ETH,ETH-ADM3-50319843B9933140,Gorche,ADM3
616,109.843672421,376.0,27.0,ADM3,616,616,ETH,ETH-ADM3-50319843B68323870,Dale,ADM3
617,417.392508444,954.0,34.0,ADM3,617,617,ETH,ETH-ADM3-50319843B885534,Wonosho,ADM3
618,359.829446358,969.0,68.0,ADM3,618,618,ETH,ETH-ADM3-50319843B5517433,Humbo,ADM3
619,155.772974843,538.0,48.0,ADM3,619,619,ETH,ETH-ADM3-50319843B22575899,Aleta Wendo,ADM3
620,738.181508081,971.0,349.0,ADM3,620,620,ETH,ETH-ADM3-50319843B10669306,Bona Zuria,ADM3
621,597.368210145,998.0,214.0,ADM3,621,621,ETH,ETH-ADM3-50319843B1964294,Bursa,ADM3
622,1093.96037688,1822.0,607.0,ADM3,622,622,ETH,ETH-ADM3-50319843B54103019,Bensa,ADM3
623,439.47714359,633.0,99.0,ADM3,623,623,ETH,ETH-ADM3-50319843B50218624,Mareko,ADM3
624,729.452399904,1170.0,249.0,ADM3,624,624,ETH,ETH-ADM3-50319843B55549277,Misha,ADM3
625,485.914755647,687.0,194.0,ADM3,625,625,ETH,ETH-ADM3-50319843B41020102,Shashogo,ADM3
626,159.268237468,588.0,18.0,ADM3,626,626,ETH,ETH-ADM3-50319843B9742580,Mirab Abaya,ADM3
627,353.051228531,1174.0,95.0,ADM3,627,627,ETH,ETH-ADM3-50319843B8044112,Ubadebretsehay,ADM3
628,522.37022854,1346.0,162.0,ADM3,628,628,ETH,ETH-ADM3-50319843B85948351,Bena Tsemay,ADM3
629,254.808808488,513.0,117.0,ADM3,629,629,ETH,ETH-ADM3-50319843B63024446,Kochere,ADM3
630,456.578398031,819.0,146.0,ADM3,630,630,ETH,ETH-ADM3-50319843B72320685,Kochere Gedeb,ADM3
631,269.434226919,703.0,86.0,ADM3,631,631,ETH,ETH-ADM3-50319843B19613534,Wenago,ADM3
632,377.703587204,805.0,79.0,ADM3,632,632,ETH,ETH-ADM3-50319843B8782234,Dila Zuria,ADM3
633,237.800913907,631.0,27.0,ADM3,633,633,ETH,ETH-ADM3-50319843B65190962,Boricha,ADM3
634,291.78855715,617.0,58.0,ADM3,634,634,ETH,ETH-ADM3-50319843B86826357,Diguna Fango,ADM3
635,317.655949891,715.0,74.0,ADM3,635,635,ETH,ETH-ADM3-50319843B43059646,Damot Weydie,ADM3
636,223.595628039,620.0,54.0,ADM3,636,636,ETH,ETH-ADM3-50319843B39262973,Misrak Badawacho,ADM3
637,178.97845617,312.0,109.0,ADM3,637,637,ETH,ETH-ADM3-50319843B6461056,Mierab Badawacho,ADM3
638,409.376557729,1006.0,130.0,ADM3,638,638,ETH,ETH-ADM3-50319843B13882053,Kebena,ADM3
639,869.391403268,1457.0,341.0,ADM3,639,639,ETH,ETH-ADM3-50319843B78793647,Muhur Na Aklil,ADM3
640,515.826921108,1086.0,220.0,ADM3,640,640,ETH,ETH-ADM3-50319843B85036104,Hamer,ADM3
641,513.231827346,942.0,300.0,ADM3,641,641,ETH,ETH-ADM3-50319843B73527689,Dasenech (Kuraz),ADM3
642,2143.37969166,3057.0,1424.0,ADM3,642,642,ETH,ETH-ADM3-50319843B21430678,Bero,ADM3
643,1247.56678151,3068.0,226.0,ADM3,643,643,ETH,ETH-ADM3-50319843B48230201,Gurafereda,ADM3
644,444.276476588,1137.0,164.0,ADM3,644,644,ETH,ETH-ADM3-50319843B96617967,Sheka,ADM3
645,1024.74340038,1941.0,419.0,ADM3,645,645,ETH,ETH-ADM3-50319843B36533817,Debub Bench,ADM3
646,349.191637089,975.0,147.0,ADM3,646,646,ETH,ETH-ADM3-50319843B2470660,Semen Bench,ADM3
647,1242.98166459,2087.0,574.0,ADM3,647,647,ETH,ETH-ADM3-50319843B46062303,Menit Goldiye,ADM3
648,930.335321609,1304.0,441.0,ADM3,648,648,ETH,ETH-ADM3-50319843B51767137,Gelila,ADM3
649,321.655549303,807.0,125.0,ADM3,649,649,ETH,ETH-ADM3-50319843B23278516,Male,ADM3
650,369.934929982,1136.0,116.0,ADM3,650,650,ETH,ETH-ADM3-50319843B16927738,Ayida,ADM3
651,341.64588414,750.0,163.0,ADM3,651,651,ETH,ETH-ADM3-50319843B52298562,Geze Gofa,ADM3
652,263.408085731,847.0,50.0,ADM3,652,652,ETH,ETH-ADM3-50319843B71180180,Tocha,ADM3
653,517.386634621,1108.0,144.0,ADM3,653,653,ETH,ETH-ADM3-50319843B5627453,Gena Bosa,ADM3
654,335.538673938,1153.0,83.0,ADM3,654,654,ETH,ETH-ADM3-50319843B76123210,Tulo,ADM3
655,934.660903263,1962.0,249.0,ADM3,655,655,ETH,ETH-ADM3-50319843B60267438,Sayilem,ADM3
656,865.928661445,2069.0,180.0,ADM3,656,656,ETH,ETH-ADM3-50319843B91380482,Bita (Big),ADM3
657,1400.8820963,2207.0,193.0,ADM3,657,657,ETH,ETH-ADM3-50319843B48611969,Getawa,ADM3
658,1189.25592681,3073.0,215.0,ADM3,658,658,ETH,ETH-ADM3-50319843B79390364,Anderacha,ADM3
659,467.821227167,839.0,154.0,ADM3,659,659,ETH,ETH-ADM3-50319843B41575744,Hadero Tubito,ADM3
660,613.328490234,1014.0,172.0,ADM3,660,660,ETH,ETH-ADM3-50319843B52449369,Dune,ADM3
661,595.347833259,954.0,304.0,ADM3,661,661,ETH,ETH-ADM3-50319843B56236774,Gembora,ADM3
662,384.693672775,560.0,196.0,ADM3,662,662,ETH,ETH-ADM3-50319843B75339109,Misrak Azenet Berbere,ADM3
663,721.788178495,1185.0,330.0,ADM3,663,663,ETH,ETH-ADM3-50319843B74680576,Endiguagn,ADM3
664,252.469274713,520.0,152.0,ADM3,664,664,ETH,ETH-ADM3-50319843B46977537,Limu,ADM3
665,473.819011749,841.0,207.0,ADM3,665,665,ETH,ETH-ADM3-50319843B49737683,Geta,ADM3
666,320.126697223,657.0,174.0,ADM3,666,666,ETH,ETH-ADM3-50319843B66206229,Analemmo,ADM3
667,297.787029354,562.0,188.0,ADM3,667,667,ETH,ETH-ADM3-50319843B92123126,Mierab Azenet Berbere,ADM3
668,604.123742702,975.0,124.0,ADM3,668,668,ETH,ETH-ADM3-50319843B59627333,Sankura,ADM3
669,194.21890599,344.0,144.0,ADM3,669,669,ETH,ETH-ADM3-50319843B9205946,Doya Gena,ADM3
670,523.435697842,751.0,212.0,ADM3,670,670,ETH,ETH-ADM3-50319843B99881765,Daniboya,ADM3
671,189.140960144,461.0,63.0,ADM3,671,671,ETH,ETH-ADM3-50319843B15498387,Kediada Gambela,ADM3
672,344.34063192,808.0,116.0,ADM3,672,672,ETH,ETH-ADM3-50319843B66952907,Dalocha,ADM3
673,382.095081659,904.0,194.0,ADM3,673,673,ETH,ETH-ADM3-50319843B62802264,Gumer,ADM3
674,730.393147085,1219.0,99.0,ADM3,674,674,ETH,ETH-ADM3-50319843B51022361,Alle,ADM3
675,206.732261923,947.0,35.0,ADM3,675,675,ETH,ETH-ADM3-50319843B42133697,Derashe,ADM3
676,431.243405245,995.0,45.0,ADM3,676,676,ETH,ETH-ADM3-50319843B79970845,Kemba,ADM3
677,365.927498303,957.0,22.0,ADM3,677,677,ETH,ETH-ADM3-50319843B9021464,Bonke,ADM3
678,461.374033696,944.0,240.0,ADM3,678,678,ETH,ETH-ADM3-50319843B16999248,Liben,ADM3
679,423.097281505,879.0,201.0,ADM3,679,679,ETH,ETH-ADM3-50319843B92867953,Goro Dola,ADM3
680,672.785885609,1503.0,195.0,ADM3,680,680,ETH,ETH-ADM3-50319843B22450356,Saba Boru,ADM3
681,433.364327633,914.0,170.0,ADM3,681,681,ETH,ETH-ADM3-50319843B6921623,Odo Shakiso,ADM3
682,356.079345467,724.0,204.0,ADM3,682,682,ETH,ETH-ADM3-50319843B42675514,Hambela Wamena,ADM3
683,389.143294257,879.0,100.0,ADM3,683,683,ETH,ETH-ADM3-50319843B9614118,Ana Sora,ADM3
684,309.296250028,817.0,82.0,ADM3,684,684,ETH,ETH-ADM3-50319843B24578831,Bore,ADM3
685,207.784538277,392.0,134.0,ADM3,685,685,ETH,ETH-ADM3-50319843B22557528,Homa,ADM3
686,297.811291009,836.0,73.0,ADM3,686,686,ETH,ETH-ADM3-50319843B52212971,Gida Ayana,ADM3
687,527.544961062,1074.0,122.0,ADM3,687,687,ETH,ETH-ADM3-50319843B15165973,Kiremu,ADM3
688,371.611928792,729.0,187.0,ADM3,688,688,ETH,ETH-ADM3-50319843B85527276,Ayira,ADM3
689,487.04950861,901.0,179.0,ADM3,689,689,ETH,ETH-ADM3-50319843B44844432,Guliso,ADM3
